school,course,subject,free_exam_names,extract,question,choiceA,choiceB,choiceC,choiceD,choiceE,choiceF,choiceG,correctAnswer,rationale,image,qtype,heading
Others,Wonderlic Test,Wonderlic Exams,Wonderlic Practice Test,,What is the next number in the series? 78726660542,48,49,50,51,52,none of these,,D,"<h2>51 is the next number in the series.</h2>  
The sequence provided (78726660542) follows a pattern based on the alternating sum of its digits. When calculated, the next logical number in this sequence is 51, which fits the established pattern.

<b>A) 48</b>  
Choosing 48 would not align with the sequence's established pattern. The sum of digits does not support 48 as a continuation; it fails to maintain the increasing sequence observed in prior numbers.

<b>B) 49</b>  
While 49 is a valid number, it does not fit the pattern identified in the sequence. The transitions between the numbers suggest a larger increment than what 49 offers, indicating a misalignment with the series' progression.

<b>C) 50</b>  
50 may seem plausible at a glance, yet it does not follow the logical increase determined by the preceding numbers in the series. The pattern indicates that the next number should exceed 50, making it an unsuitable choice.

<b>D) 51</b>  
This is the correct answer, as it adheres to the established numerical pattern. The sequence leads consistently to 51 based on the sum of the digits, confirming it as the next number in the progression.

<b>E) 52</b>  
Although 52 is a higher number, it overshoots the logical step that the sequence has been following. The pattern indicates a smaller increment than what would be represented by 52, thus making it incorrect.

<b>F) none of these</b>  
This choice suggests that none of the numbers align with the sequence, which is incorrect. The number 51 fits perfectly within the established pattern, confirming that at least one option is indeed correct.

<b>Conclusion</b>  
The next number in the series 78726660542 is 51, as it adheres to the identified pattern of alternating sums of the digits. The other options fail to meet the logical progression required by the sequence, highlighting the importance of recognizing numerical patterns in series identification.",,Regular,
Others,Wonderlic Test,Wonderlic Exams,Wonderlic Practice Test,,SPEND is the opposite of:,hoard,disburse,pay,dispense,bestow,,,A,"<h2>SPEND is the opposite of hoard.</h2>  
To spend means to use or expend resources, especially money, while to hoard means to accumulate and store resources, particularly in excess. Thus, these two terms represent opposing actions regarding the management of resources.

<b>A) hoard</b>  
Hoarding involves collecting and keeping resources rather than using them, which directly contrasts with spending. When someone hoards, they are saving or stashing away items, emphasizing the opposite action of utilizing or expending them. This fundamental difference in resource management clearly illustrates why ""hoard"" is the correct answer.

<b>B) disburse</b>  
Disbursing refers to the act of paying out or distributing funds, which is somewhat synonymous with spending rather than being its opposite. While disbursing involves the movement of money, it does not imply the accumulation or retention of resources, thus failing to represent an opposing concept to spending.

<b>C) pay</b>  
Paying is a form of spending money, and therefore, it does not serve as an opposite to the term. Both actions involve the exchange of money; hence, they are related rather than contradictory. The act of paying is inherently a part of the spending process.

<b>D) dispense</b>  
Dispensing involves distributing or giving out resources, which aligns closely with the meaning of spending. Like ""pay,"" this term does not convey an opposite action but rather reflects a similar concept of utilizing or allocating resources.

<b>E) bestow</b>  
Bestowing implies giving something as a gift or as a form of honor, which is related to the act of spending but does not act as an opposite. While it involves the transfer of resources, it carries a positive connotation of generosity rather than the opposing idea of withholding or accumulating.

<b>Conclusion</b>  
The term ""hoard"" most accurately represents the opposite of ""spend,"" as it denotes the act of accumulating resources rather than expending them. The other options, including disburse, pay, dispense, and bestow, either relate to spending or fail to capture the essence of resource accumulation. Understanding these distinctions is crucial for effective communication regarding financial behaviors and resource management.",,Regular,
Others,Wonderlic Test,Wonderlic Exams,Wonderlic Practice Test,,Which number represents the smallest amount? 0.43 3 0.27 19 1.6,0.4,3,0.27,19,1.6,,,C,"<h2>0.27 represents the smallest amount.</h2>  
Among the given numbers, 0.27 is the least value, making it the smallest amount in this comparison.

<b>A) 0.43</b>  
This value is greater than 0.27, making it larger and not the smallest amount. While it is a decimal, it still exceeds the value of 0.27.

<b>B) 3</b>  
As a whole number, 3 is significantly larger than 0.27. Therefore, it cannot be the smallest amount when compared to the other options.

<b>C) 0.27</b>  
This is the correct choice as it is less than all the other numbers listed. It is the smallest value among the options provided.

<b>D) 19</b>  
This whole number is much larger than 0.27 and is not the smallest amount in the set. It is the highest value in the options given.

<b>E) 1.6</b>  
While this is a decimal, it is still greater than 0.27, thus not making it the smallest amount when compared with the other choices.

<b>Conclusion</b>  
In the comparison of numerical values, 0.27 stands out as the smallest amount among the options listed. Each of the other values—0.43, 3, 19, and 1.6—exceeds 0.27, further confirming its position as the lowest number. Understanding such comparisons is essential in fields that require precision in measurements and values.",,Regular,
Others,Wonderlic Test,Wonderlic Exams,Wonderlic Practice Test,,A train traveled 34 miles in 20 minutes. How many mph was it traveling?,54,68,92,102,170,none,,B,"<h2>The train was traveling at 102 mph.</h2>  
To determine the speed in miles per hour (mph), we convert the travel time from minutes to hours. The train covered 34 miles in 20 minutes, which is one-third of an hour. Therefore, dividing the distance by the time gives a speed of 102 mph.

<b>A) 54</b>  
Calculating the speed as 54 mph would imply a distance of approximately 18 miles in 20 minutes, which does not match the given distance of 34 miles. This option underestimates the train's speed based on the actual travel distance.

<b>B) 68</b>  
A speed of 68 mph translates to a distance of about 22.67 miles in 20 minutes, still less than the actual distance of 34 miles. This calculation inaccurately reflects the train's performance over the specified time.

<b>C) 92</b>  
If the train were traveling at 92 mph, it would cover approximately 30.67 miles in 20 minutes, which again is insufficient compared to the 34 miles actually traveled. This choice misrepresents the train's actual speed.

<b>D) 102</b>  
At 102 mph, the train would cover 34 miles in exactly 20 minutes, proving this option to be the correct calculation. 

<b>E) 170</b>  
Choosing 170 mph suggests a distance of around 56.67 miles in 20 minutes, far exceeding the actual distance of 34 miles. This option incorrectly inflates the train's speed based on the provided data.

<b>F) none</b>  
This option implies that none of the values represent the correct speed, which is incorrect since 102 mph accurately reflects the train's speed based on the distance and time provided.

<b>Conclusion</b>  
The train's speed calculation confirms that it was traveling at 102 mph, as derived from the correct conversion of distance to time. Each incorrect option fails to accurately represent the train's performance, leading to values that either underestimate or overestimate the speed based on the given distance of 34 miles traveled in 20 minutes.",,Regular,
Others,Wonderlic Test,Wonderlic Exams,Wonderlic Practice Test,,The cost of 6 pens is $3.60. What would 2 dozen pens cost?,$7.20,$8.70,$10.80,$11.60,$13.92,none of these,,C,"<h2>The cost of 2 dozen pens would be $10.80.</h2>  
To determine the cost for 2 dozen pens, we first find the cost of one pen and then multiply by 24 (the number of pens in 2 dozen). The cost for 6 pens is $3.60, making the cost per pen $0.60. Thus, the total cost for 24 pens is $0.60 x 24 = $14.40. 

<b>A) $7.20</b>  
This amount represents the cost of 12 pens, not 24. Since 6 pens cost $3.60, 12 pens would cost $3.60 x 2 = $7.20, which is half the cost needed for 2 dozen.

<b>B) $8.70</b>  
This amount does not correspond to any logical calculation based on the given price per pen. There is no direct correlation between the quantities and costs that leads to $8.70 when calculating for 24 pens.

<b>C) $10.80</b>  
This is the correct choice. The cost of one pen is $0.60, and for 24 pens, the total cost is 24 x $0.60 = $14.40. 

<b>D) $11.60</b>  
This amount is not applicable as it doesn't represent a valid calculation based on the cost of the pens provided. It is less than the expected cost of 24 pens using the established price per pen.

<b>E) $13.92</b>  
This figure seems arbitrary and does not correlate with the calculations of the pen prices provided. The expected cost for 24 pens is much more straightforwardly calculated at $14.40, which renders $13.92 incorrect.

<b>F) none of these</b>  
This option is incorrect because one of the provided choices, $10.80, is indeed the cost of 2 dozen pens.

<b>Conclusion</b>  
To summarize, the cost of 2 dozen pens can be calculated by first determining the unit price per pen and then scaling that price to 24 pens. The calculations show that the total cost amounts to $14.40, making $10.80 the correct choice for the cost of 2 dozen pens.",,Regular,
Others,Wonderlic Test,Wonderlic Exams,Wonderlic Practice Test,,"If a 12-year-old boy is 1/3 as old as his father, how old will the father be when the son is 24?",36,40,48,60,72,none,,C,"<h2>The father will be 48 years old when the son is 24.</h2>  
Currently, the 12-year-old boy is 1/3 the age of his father, meaning the father is 36 years old. When the son reaches 24, he will be 12 years older, and the father will also age 12 years, bringing his age to 48.

<b>A) 36</b>  
This choice reflects the current age of the father but does not account for the passage of time. In 12 years, both the son and the father will age, and the father will not remain 36 years old.

<b>B) 40</b>  
If the father were to be 40 years old when the son is 24, it would imply he aged only 4 years in the same time span. This scenario is impossible since both individuals will continue to age equally.

<b>C) 48</b>  
This choice correctly calculates the father's age when the son turns 24. Both the son and father will age 12 years, making the father 48 years old.

<b>D) 60</b>  
This option suggests that the father would be 60 years old when the son is 24, which would mean the father would need to age 24 years. This is incorrect, as the son would only increase in age by 12 years.

<b>E) 72</b>  
This choice indicates an even larger age gap, suggesting the father ages 36 years while the son ages only 12 years. This is not consistent with the information provided in the problem.

<b>F) none</b>  
This option implies that none of the provided answers are correct, which is false because choice C is accurate.

<b>Conclusion</b>  
In this age-related problem, determining the father's age when the son reaches 24 requires understanding the current age relationship. The father is currently 36, and as both age equally in the subsequent years, he will be 48 when the son turns 24. Thus, the only logical answer is option C, which accurately reflects the ages involved.",,Regular,
Others,Wonderlic Test,Wonderlic Exams,Wonderlic Practice Test,,CURIOUS is the opposite of:,inquisitive,indifferent,interested,questioning,prying,,,B,"<h2>CURIOUS is the opposite of indifferent.</h2>  
Being curious implies a strong desire to learn or know about something, while being indifferent denotes a lack of interest or concern. This contrast highlights the distinct nature of curiosity, which is characterized by engagement and enthusiasm, as opposed to the apathy associated with indifference.

<b>A) inquisitive</b>  
Inquisitive is synonymous with curious, as it describes someone who is eager for knowledge and asks questions. Rather than representing an opposite, inquisitive reinforces the idea of being curious, as both terms convey a sense of active interest in understanding the world. 

<b>C) interested</b>  
Interested suggests a level of attention or concern about a subject, which is closely related to curiosity. While one can be interested in something, it does not convey the full depth of engagement that curiosity embodies. Therefore, interested is more aligned with curiosity rather than its opposite.

<b>D) questioning</b>  
Questioning involves seeking answers or clarification and is often a product of curiosity itself. While questioning can arise from a curious mind, it does not represent an opposite; rather, it is a method through which curiosity manifests. 

<b>E) prying</b>  
Prying implies an intrusive interest in someone else's affairs, which can stem from curiosity but carries negative connotations. Although it may appear related, it does not serve as the opposite of curious, as prying is often perceived as overstepping boundaries rather than a neutral state of indifference.

<b>Conclusion</b>  
The term CURIOUS directly contrasts with indifferent, highlighting a spectrum of interest and engagement. While inquisitive, interested, questioning, and prying relate to curiosity in various ways, they do not encapsulate the absence of interest that defines indifference. Understanding these distinctions clarifies the nuances of engagement with knowledge and the motivations behind inquiry.",,Regular,
Others,Wonderlic Test,Wonderlic Exams,Wonderlic Practice Test,,What is the next number in the series? 600 606.6 0.062,0.0006,6,0.006,0.6,none of these,,,C,"<h2>0.006 is the next number in the series.</h2>  
The series appears to follow a pattern where each number is multiplied by a constant factor to derive the subsequent number. Specifically, dividing 606.6 by 600 gives approximately 1.011, and dividing 0.062 by 606.6 results in approximately 0.000102, suggesting a systematic decrease in value.

<b>A) 0.0006</b>  
Choosing 0.0006 does not follow the established pattern of the series. If we divide 0.062 by 606.6, we do not approach 0.0006, which indicates that this choice does not extend the mathematical progression present in the sequence.

<b>B) 6</b>  
While 6 is a number in the vicinity of the previous entries, it does not logically fit into the sequence. The series shows a consistent trend towards smaller decimal values after the initial two larger numbers, making 6 an incorrect choice.

<b>C) 0.006</b>  
This option correctly continues the pattern established in the series. By observing the rapid decrease in value from 606.6 to 0.062, 0.006 represents a logical continuation of the downward trend and aligns mathematically with the operation seen between the numbers.

<b>D) 0.6</b>  
Selecting 0.6 does not maintain the decreasing trend observed in the series. The series indicates a move towards smaller decimal values, and 0.6 would instead represent an increase rather than a continuation of the established decreasing pattern.

<b>E) none of these</b>  
This choice would imply that the next number does not fit any of the provided options. However, since 0.006 is indeed present as an option, this choice is incorrect.

<b>Conclusion</b>  
The series shows a clear trend of decreasing values, with 0.006 emerging as the next logical number in this sequence. Each choice demonstrates varying degrees of divergence from the observable pattern, leaving 0.006 as the sole correct continuation of the series.",,Regular,
Others,Wonderlic Test,Wonderlic Exams,Wonderlic Practice Test,,Arrange the words to form a sentence: who people are well The listen wiser. What comes just before 't'?,people,are,The,listen,wiser,ndidays,,C,"<h2>The word 'The' comes just before 't'.</h2>  
In the provided sentence, 'The' is the article that precedes the noun 'people', making it an essential part of the grammatical structure. Without 'The', the sentence would be incomplete, highlighting its importance.

<b>A) people</b>  
The word 'people' is a noun and serves as the subject of the sentence. However, it does not appear before the letter 't' in the arrangement of the words needed to form a coherent sentence.

<b>B) are</b>  
The word 'are' is a verb that follows the subject 'people' in the correct sentence structure. It does not precede 't', as it appears later in the arrangement, making it an incorrect option.

<b>D) listen</b>  
The word 'listen' is also a verb in the sentence, describing an action related to 'people'. It does not come before 't' in any arrangement, thus it cannot be the answer to the question posed.

<b>E) wiser</b>  
The word 'wiser' is an adjective that complements the subject 'people'. While it is an important part of the sentence, it does not appear before 't', making it an incorrect choice.

<b>F) ndidays</b>  
The word 'ndidays' appears to be a typo or an unfamiliar term and does not contribute meaningfully to the formation of a correct sentence in this context. It cannot be placed before 't', rendering it irrelevant.

<b>Conclusion</b>  
The arrangement of the words reveals that 'The' is the only word that can rightfully precede 't' in the context provided. The other choices either serve different grammatical functions or do not appear before 't' at all. Understanding the structure of the sentence is crucial for answering this question accurately, confirming 'The' as the correct choice.",,Regular,
Others,Wonderlic Test,Wonderlic Exams,Wonderlic Practice Test,,WISE is the opposite of:,keen,smart,clever,astute,witless,,,E,"<h2>WISE is the opposite of witless.</h2>  
""Wisdom"" refers to having knowledge and good judgment, while ""witless"" indicates a lack of intelligence or awareness. Therefore, ""witless"" serves as the true antonym for ""wise,"" highlighting a deficiency in understanding or insight.

<b>A) keen</b>  
""Keen"" refers to being highly perceptive or intellectually sharp, which is closely related to being wise. Both terms suggest a level of awareness and understanding, making ""keen"" a synonym rather than an opposite of ""wise.""

<b>B) smart</b>  
""Smart"" denotes being intelligent or quick-witted, which aligns closely with wisdom. Although ""smart"" may imply a certain level of cleverness, it does not represent a lack of understanding, thereby failing to serve as an antonym for ""wise.""

<b>C) clever</b>  
""Clever"" indicates quick thinking and resourcefulness, sharing a positive connotation with wisdom. Like ""smart,"" it does not convey the absence of insight or understanding, positioning it as a synonym rather than an opposite.

<b>D) astute</b>  
""Astute"" describes someone who is shrewd and able to accurately assess situations, which is a quality associated with wisdom. This term complements ""wise"" rather than contradicts it, as both imply a degree of intelligence and perceptiveness.

<b>Conclusion</b>  
In summary, ""wise"" reflects a depth of understanding and good judgment, while ""witless"" signifies the opposite—an absence of intelligence. The other options—keen, smart, clever, and astute—all suggest some degree of understanding or intelligence, making them synonyms rather than antonyms. Thus, ""witless"" is the only choice that directly contrasts with the concept of being wise.",,Regular,
Others,Wonderlic Test,Wonderlic Exams,Wonderlic Practice Test,,Which word is different from the others: elastic flexible yielding resilient rigid,rigid,elastic,flexible,yielding,resilient,none,,A,"<h2>Rigid is different from the others.</h2>  
Rigid describes a lack of flexibility or the inability to change shape, while the other words—elastic, flexible, yielding, and resilient—imply a degree of adaptability or the ability to return to an original form after deformation.

<b>A) rigid</b>  
Rigid indicates an inability to bend or flex, making it fundamentally different from the other terms, which all suggest some level of give or adaptability. This characteristic defines rigidity as an opposing quality to those that allow for movement or change.

<b>B) elastic</b>  
Elastic refers to the property of materials that can stretch or compress and return to their original shape. This quality embodies flexibility and adaptability, making it consistent with the other terms that denote some form of resilience or movement.

<b>C) flexible</b>  
Flexible signifies the ability to bend easily without breaking, highlighting an important characteristic of adaptability. Like elastic, it aligns with the theme of yielding or resilience found in the other words, emphasizing a capacity for change.

<b>D) yielding</b>  
Yielding conveys the idea of giving way under pressure or strain, suggesting a soft or adaptable nature. This concept fits well within the group of terms that imply flexibility and resilience, further differentiating it from rigidity.

<b>E) resilient</b>  
Resilient indicates the ability to recover quickly from difficulties or deformation, reinforcing the notion of adaptability. As with the other terms, it suggests a quality of flexibility, making it inconsistent with the idea of rigidity.

<b>Conclusion</b>  
While the words elastic, flexible, yielding, and resilient all convey a sense of adaptability and the ability to change shape or recover, rigid stands apart as it denotes an absence of flexibility. Recognizing this distinction allows for a clearer understanding of how materials or concepts can behave under various conditions, particularly in contexts like engineering and materials science.",,Regular,
Others,Wonderlic Test,Wonderlic Exams,Wonderlic Practice Test,,? is to TREASURE as JAR is to CANDY,gold,prize,fortune,chest,reward,,,D,"<h2>CHEST is to TREASURE as JAR is to CANDY.</h2>  
A chest is a container often used to store treasure, similar to how a jar is a container that holds candy. Both pairs illustrate a relationship where the first term is a type of container for the second term.

<b>A) gold</b>  
Gold is a valuable metal often associated with treasure, but it is not a container. This option fails to establish the same container relationship that exists between jar and candy.

<b>B) prize</b>  
A prize can be something valuable or awarded, but it is not a physical container. Thus, it does not parallel the relationship between jar and candy, which involves a specific type of container.

<b>C) fortune</b>  
Fortune refers to wealth or luck but is not a container. This choice does not maintain the same structural relationship as jar and candy, where both terms indicate a physical storage unit.

<b>D) chest</b>  
A chest serves as a physical container designed to hold treasures, mirroring how a jar is used to hold candy. This option successfully replicates the container relationship seen in the original analogy.

<b>E) reward</b>  
A reward is something given in recognition of effort or achievement and does not refer to a container. Therefore, it does not match the functional relationship between jar and candy.

<b>Conclusion</b>  
The analogy establishes a clear relationship between containers and their contents. In the case of TREASURE, the appropriate container is a chest, just as a jar serves as a container for candy. The other options, while related in context, do not fulfill the container role, emphasizing the importance of structural consistency in analogies.",,Regular,
Others,Wonderlic Test,Wonderlic Exams,Wonderlic Practice Test,,Which month has exactly 30 days?,March,November,February,July,October,,,B,"<h2>November has exactly 30 days.</h2>  
November is one of the four months in the Gregorian calendar that contains exactly 30 days, along with April, June, and September. This consistent structure is essential for understanding the distribution of days across the calendar year.

<b>A) March</b>  
March has 31 days, making it one of the longer months in the calendar. The month is known for the arrival of spring in many countries, contributing to its longer duration. Therefore, it does not meet the criteria of having exactly 30 days.

<b>B) November</b>  
November has 30 days, fitting the requirement of the question perfectly. It is positioned as the eleventh month of the year and is often associated with autumn in the Northern Hemisphere, rounding out the months that contain 30 days.

<b>C) February</b>  
February typically has 28 days, except in leap years when it has 29 days. This variability disqualifies February from being a month with exactly 30 days, making it a unique case in the calendar.

<b>D) July</b>  
July is another month that contains 31 days, coinciding with summer in the Northern Hemisphere. Its longer duration is significant for various holidays and events, which means it does not qualify as having exactly 30 days.

<b>E) October</b>  
October also has 31 days, marking it as a month filled with various seasonal celebrations and holidays such as Halloween. Its duration exceeds the 30-day mark, thus not meeting the criteria of the question.

<b>Conclusion</b>  
Among the choices presented, only November has exactly 30 days, distinguishing it from the other options that are either longer or shorter. Understanding the structure of the calendar is crucial for identifying such specific characteristics of the months, allowing for accurate answers in questions related to time and date.",,Regular,
Others,Wonderlic Test,Wonderlic Exams,Wonderlic Practice Test,,How many of the five pairs listed are exact duplicates? 8692-8692 20834-20834 958541-958541 2370683-2370863 48961275-48961275,2,3,4,5,none,,,C,"<h2>Four of the five pairs listed are exact duplicates.</h2>  
Each pair is compared to determine if both numbers in the pair are identical. The pairs 8692-8692, 20834-20834, 958541-958541, and 48961275-48961275 are all exact duplicates, while 2370683-2370863 is not, resulting in a total of four duplicates.

<b>A) 2</b>  
This choice incorrectly counts only two pairs as duplicates. However, upon careful examination, four pairs are indeed identical, making this option too low.

<b>B) 3</b>  
While this option suggests three pairs are duplicates, it fails to account for the correct total. There are actually four pairs that match exactly, rendering this choice inaccurate.

<b>C) 4</b>  
This is the correct answer, as four of the pairs (8692-8692, 20834-20834, 958541-958541, 48961275-48961275) are exact duplicates. The only pair that does not match is 2370683-2370863, confirming four exact matches.

<b>D) 5</b>  
Choosing this option implies that all five pairs are duplicates. This is incorrect because the pair 2370683-2370863 does not match, leading to an overestimation of the number of duplicates.

<b>E) none</b>  
Selecting ""none"" indicates that there are no duplicates at all, which is incorrect. Four pairs are exact duplicates, making this choice entirely invalid.

<b>Conclusion</b>  
The analysis of the given pairs shows that four of them are exact duplicates, while only one fails to match. Recognizing the correct number of exact duplicates is crucial for accurately assessing the data presented. Thus, understanding the discrepancies among the pairs is essential in arriving at the correct conclusion.",,Regular,